req,pos,labels
The system shall have a MDI form that allows for the viewing of the graph and the data table.,DET NOUN AUX VERB DET PROPN NOUN PRON VERB ADP DET NOUN ADP DET NOUN CCONJ DET NOUN NOUN PUNCT,O O O O O O entity O O O O entity O O entity O O O O O
The system shall display Events in a vertical table by time.,DET NOUN AUX VERB NOUN ADP DET ADJ NOUN ADP NOUN PUNCT,O O O O O O O O entity O entity O
The system shall display the Events in a graph by time.,DET NOUN AUX VERB DET NOUN ADP DET NOUN ADP NOUN PUNCT,O O O O O O O O entity O entity O
The Disputes System must be accessible by both internal and external users.,DET PROPN PROPN AUX AUX ADJ ADP CCONJ ADJ CCONJ ADJ NOUN PUNCT,O O O O O O O O O O O O O
The Disputes System must prevent users from accessing any dispute cases that do not belong to their cardholder base.,DET PROPN PROPN AUX VERB NOUN ADP VERB DET NOUN NOUN PRON AUX PART VERB ADP PRON NOUN NOUN PUNCT,O O O O O O O entity O O O O O O O O O O O O
The Disputes System will facilitate direct data entry of a dispute case via a user interface that supports real time responses to the users.,DET PROPN PROPN AUX VERB ADJ NOUN NOUN ADP DET NOUN NOUN ADP DET NOUN NOUN PRON VERB ADJ NOUN NOUN ADP DET NOUN PUNCT,O O O O O O O O O O O O O O entity entity O O O O O O O O O
The Disputes System must provide different levels of access with regard to disputes case initiation and follow-up actions.,DET PROPN PROPN AUX VERB ADJ NOUN ADP NOUN ADP NOUN ADP NOUN NOUN NOUN CCONJ VERB PUNCT ADP NOUN PUNCT,O O O O O O attr O entity O entity O O O O O O O O
The Disputes System shall provide view access capability for authorized users of the application.,DET PROPN PROPN AUX VERB NOUN NOUN NOUN ADP ADJ NOUN ADP DET NOUN PUNCT,O O O O O O O O O O attr O O entity O
The Disputes System shall provide update access capability for authorized users of the application.,DET PROPN PROPN AUX VERB NOUN NOUN NOUN ADP ADJ NOUN ADP DET NOUN PUNCT,O O O O O O O O O O attr O O entity O
The Disputes System must allow the users to select disputable transactions (based on the age of the transaction) from a user interface and initiate a dispute (ticket retrieval request or chargeback notification) on the selected transaction.,DET PROPN PROPN AUX VERB DET NOUN PART VERB ADJ NOUN PUNCT VERB ADP DET NOUN ADP DET NOUN PUNCT ADP DET NOUN NOUN CCONJ VERB DET NOUN PUNCT NOUN NOUN NOUN CCONJ NOUN NOUN PUNCT ADP DET VERB NOUN PUNCT,O O O O O O O O O O O O O O O entity O O entity O O O entity entity O relationship O entity O O O O O O O O O O relationship entity O
The Disputes System must provide the user the ability to initiate a single dispute case on multiple transactions that belong to a single merchant.,DET PROPN PROPN AUX VERB DET NOUN DET NOUN PART VERB DET ADJ NOUN NOUN ADP ADJ NOUN PRON VERB ADP DET ADJ NOUN PUNCT,O O O O O O entity O entity O O O O O O O O O O O O O O entity O
The Disputes System will provide the user the ability to create or initiate a ticket retrieval request.   As part of ticket retrieval creation process the system must prompt the user to enter all the required information to create the ticket retrieval request.  The ticket retrieval request is a document that is sent to merchant inquiring the validity of a transaction.,DET PROPN PROPN AUX VERB DET NOUN DET NOUN PART VERB CCONJ VERB DET NOUN NOUN NOUN PUNCT SPACE ADP NOUN ADP NOUN NOUN NOUN NOUN DET NOUN AUX VERB DET NOUN PART VERB DET DET VERB NOUN PART VERB DET NOUN NOUN NOUN PUNCT SPACE DET NOUN NOUN NOUN AUX DET NOUN PRON AUX VERB ADP NOUN VERB DET NOUN ADP DET NOUN PUNCT,O entity O O O O entity O O O O O entity O entity O O entity O
The Disputes System must allow the user to create three unique types of ticket retrieval requests.  The three types of ticket retrieval requests are (1) Request for original receipt (2) Request for a copy of the receipt or (3) Request for a portfolio. A portfolio consists of documentation that would provide proof of a purchase such as the documentation that is received from a car rental agency that is more than a sales receipt.,DET PROPN PROPN AUX VERB DET NOUN PART VERB NUM ADJ NOUN ADP NOUN NOUN NOUN PUNCT SPACE DET NUM NOUN ADP NOUN NOUN NOUN AUX PUNCT X PUNCT NOUN ADP ADJ NOUN PUNCT X PUNCT NOUN ADP DET NOUN ADP DET NOUN CCONJ PUNCT X PUNCT NOUN ADP DET NOUN PUNCT DET NOUN VERB ADP NOUN PRON AUX VERB NOUN ADP DET NOUN ADJ ADP DET NOUN PRON AUX VERB ADP DET NOUN NOUN NOUN PRON AUX ADJ ADP DET NOUN NOUN PUNCT,O entity O O attr O O O entity O O entity O O O attr O O O O O entity O entity O O O O O O entity O
The Disputes System must prevent external users from requesting original receipts. Requests for original receipts are restricted to internal users.,DET PROPN PROPN AUX VERB ADJ NOUN ADP VERB ADJ NOUN PUNCT NOUN ADP ADJ NOUN AUX VERB ADP ADJ NOUN PUNCT,O O O O O O O O O O
The Disputes System must provide a confirmation to the user upon the creation of ticket retrieval request that contains the following information; the dispute case number  the type of retrieval requested (copy  original or portfolio)  and the date that the merchant response is due.,DET PROPN PROPN AUX VERB DET NOUN ADP DET NOUN SCONJ DET NOUN ADP NOUN NOUN NOUN PRON VERB DET VERB NOUN PUNCT DET NOUN NOUN NOUN SPACE DET NOUN ADP NOUN VERB PUNCT VERB SPACE ADJ CCONJ NOUN PUNCT SPACE CCONJ DET NOUN PRON DET NOUN NOUN AUX ADJ PUNCT,O O O O O O entity O attr entity O attr entity O O entity O attr O attr O O O attr O O O attr entity O entity O O O entity O entity O O attr entity attr attr O O O O O
The Disputes System shall allow the user to create or initiate a chargeback request.  The system must prompt the user to enter the required information to initiate a chargeback request. The chargeback request results in a printed chargeback notification that is sent to merchant indicating that their account will be charged back if no proof is provided that the disputed transaction is valid.,DET PROPN PROPN AUX VERB DET NOUN PART VERB CCONJ VERB DET NOUN NOUN PUNCT SPACE DET NOUN AUX VERB DET NOUN PART VERB DET VERB NOUN PART VERB DET NOUN NOUN PUNCT DET NOUN NOUN VERB ADP DET VERB NOUN NOUN PRON AUX VERB ADP NOUN VERB SCONJ PRON NOUN AUX AUX VERB ADV SCONJ DET NOUN AUX VERB SCONJ DET VERB NOUN AUX ADJ PUNCT,O O O O O O O O O O O O O O entity O O entity O O O O O O attr O O O O O entity O O O
The Disputes System must provide a confirmation to the user upon the creation of a chargeback request. The confirmation must contain the following information; the dispute case number  the type of chargeback requested (pending or immediate)  and the date that the merchant response is due.,DET PROPN PROPN AUX VERB DET NOUN ADP DET NOUN SCONJ DET NOUN ADP DET NOUN NOUN PUNCT DET NOUN AUX VERB DET VERB NOUN PUNCT DET NOUN NOUN NOUN SPACE DET NOUN ADP NOUN VERB PUNCT VERB CCONJ ADJ PUNCT SPACE CCONJ DET NOUN PRON DET NOUN NOUN AUX ADJ PUNCT,O entity O O O O O O O O O attr O entity O entity O O entity O O O O O entity attr O O O O O O
The Disputes System shall prevent the creation of duplicate dispute requests 100% of the time.,DET PROPN PROPN AUX VERB DET NOUN ADP ADJ NOUN VERB NUM NOUN ADP DET NOUN PUNCT,O O O O O O entity O O entity O O entity O O entity O
The Disputes System shall accurately provide a list of possible reason codes for a given transaction.  The list of possible reason codes must be derived based on the type of transaction and the industry that the merchant belongs to  according to the business rules defined for the Disputes System.,DET PROPN PROPN AUX ADV VERB DET NOUN ADP ADJ NOUN NOUN ADP DET VERB NOUN PUNCT SPACE DET NOUN ADP ADJ NOUN NOUN AUX AUX VERB VERB ADP DET NOUN ADP NOUN CCONJ DET NOUN PRON DET NOUN VERB ADP SPACE VERB ADP DET NOUN NOUN VERB ADP DET PROPN PROPN PUNCT,O entity O O O O O O O O O O entity O entity O O entity O O entity O O entity O O O O O O O O O O
The Disputes System must provide the ability to view existing dispute cases.,DET PROPN PROPN AUX VERB DET NOUN PART VERB VERB NOUN NOUN PUNCT,O O O O O O entity O O O O O O
The Disputes System must provide Search functionality.  The search method must include the ability to search by (1) the dispute case number  (2) the merchant account number  (3) the cardmember account number and (4) the issuer number.  In addition to the above criteria  the search functionality must further allow the user to limit the results of the search by a date range  the type of dispute (ticket retrieval request or chargeback notification)  the case status (open  closed or all) and the dispute reason code.,DET PROPN PROPN AUX VERB NOUN NOUN PUNCT SPACE DET NOUN NOUN AUX VERB DET NOUN PART VERB ADP PUNCT NUM PUNCT DET NOUN NOUN NOUN SPACE PUNCT X PUNCT DET NOUN NOUN NOUN SPACE PUNCT NUM PUNCT DET PROPN NOUN NOUN CCONJ PUNCT X PUNCT DET ADJ NOUN PUNCT SPACE ADP NOUN ADP DET ADJ NOUN SPACE DET NOUN NOUN AUX ADV VERB DET NOUN PART VERB DET NOUN ADP DET NOUN ADP DET NOUN NOUN SPACE DET NOUN ADP NOUN PUNCT NOUN NOUN NOUN CCONJ NOUN NOUN PUNCT SPACE DET NOUN NOUN PUNCT ADJ SPACE ADJ CCONJ PRON PUNCT CCONJ DET NOUN NOUN NOUN PUNCT,O entity O O O O O entity entity O O relationship O entity O relationship O attr O O entity O O O attr O entity O entity O O O O O O O O O O O O O O O O O O O entity O attr attr
A list of all disputes cases that meet the entered search criteria must be provided to the user.  The list of cases must differentiate the type and/or status of the case by color -coding the line item in the list.  For example all open cases will be yellow and all closed cases will be gray.,DET NOUN ADP DET NOUN NOUN PRON VERB DET VERB NOUN NOUN AUX AUX VERB ADP DET NOUN PUNCT SPACE DET NOUN ADP NOUN AUX VERB DET NOUN CCONJ NOUN ADP DET NOUN ADP NOUN VERB DET NOUN NOUN ADP DET NOUN PUNCT SPACE ADP NOUN DET ADJ NOUN AUX AUX ADJ CCONJ DET ADJ NOUN AUX AUX ADJ PUNCT,O entity O O O O O O O O O O O O O O
The Disputes System shall provide the users the ability to view the history of all activities that have occurred on the dispute case.,DET PROPN PROPN AUX VERB DET NOUN DET NOUN PART VERB DET NOUN ADP DET NOUN PRON AUX VERB ADP DET NOUN NOUN PUNCT,O O O O O O O O entity O relationship O entity O O O O O O O O O O O
The Dispute System shall provide the users with the ability to follow up on a dispute case via follow-up actions.  The list of available follow up actions for a given dispute case must be filtered by the status of the case and the access level of the user.,DET PROPN PROPN AUX VERB DET NOUN ADP DET NOUN PART VERB ADP ADP DET NOUN NOUN ADP NOUN PUNCT ADP NOUN PUNCT SPACE DET NOUN ADP ADJ VERB ADP NOUN ADP DET VERB NOUN NOUN AUX AUX VERB ADP DET NOUN ADP DET NOUN CCONJ DET NOUN NOUN ADP DET NOUN PUNCT,O entity O O O O O O O relationship entity entity O O O O O entity O O entity O O O attr O O entity O
The Disputes System shall record the name of the user and the date for any activity that creates or modifies the disputes case in the system.  A detailed history of the actions taken on the case  including the date and the user that performed the action must be maintained for auditing purposes.,DET PROPN PROPN AUX VERB DET NOUN ADP DET NOUN CCONJ DET NOUN ADP DET NOUN PRON VERB CCONJ VERB DET NOUN NOUN ADP DET NOUN PUNCT SPACE DET ADJ NOUN ADP DET NOUN VERB ADP DET NOUN SPACE VERB DET NOUN CCONJ DET NOUN PRON VERB DET NOUN AUX AUX VERB ADP NOUN NOUN PUNCT,O O entity O O O O O O O O O entity attr O entity O relationship O entity O O O attr O O O
For any systematic (non-user initiated) action that occurs on a case such as the disputes aging process  a case activity will be generated.  Upon the next logon the user that initiated the dispute case must be notified that a systematic action has occurred on the dispute case.,ADP DET ADJ PUNCT NOUN NOUN NOUN VERB PUNCT NOUN PRON VERB ADP DET NOUN ADJ ADP DET NOUN VERB NOUN SPACE DET NOUN NOUN AUX AUX VERB PUNCT SPACE SCONJ DET ADJ NOUN DET NOUN PRON VERB DET NOUN NOUN AUX AUX VERB SCONJ DET ADJ NOUN AUX VERB ADP DET NOUN NOUN PUNCT,O O O entity O entity O relationship O O entity O O O O O O entity O O O O O entity O
All letter requests must be formatted according to guidelines specified by the Print Letter Utility system.,DET NOUN NOUN AUX AUX VERB VERB ADP NOUN VERB ADP DET PROPN PROPN PROPN NOUN PUNCT,O O O O O O entity O O O O O O O O O O
Any disputes cases that have been closed for over 6 months must be purged from the online disputes database.,DET NOUN NOUN PRON AUX AUX VERB ADP ADP NUM NOUN AUX AUX VERB ADP DET ADJ NOUN VERB PUNCT,O O O O O O O O O O O O O O O O entity O O O
The user shall search for the preferred repair facility using vehicle  vehicle location  and radius in miles,DET NOUN AUX VERB ADP DET ADJ NOUN NOUN VERB NOUN SPACE NOUN NOUN SPACE CCONJ NOUN ADP NOUN PUNCT,O entity O O O O O O O relationship O O O O entity O O O
The vehicle data shall include vehicle year  make  and model,DET NOUN NOUN AUX VERB NOUN NOUN SPACE VERB SPACE CCONJ NOUN PUNCT,O O O O relationship O O O O entity O
The vehicle location shall include street address  city  state  and zipcode,DET NOUN NOUN AUX VERB NOUN NOUN SPACE NOUN SPACE NOUN SPACE CCONJ NOUN PUNCT,O O O O relationship entity O attr O O entity O
The system shall resolve the zipcode for the street address  city  and state if zipcode is unknown.,DET NOUN AUX VERB DET NOUN ADP DET NOUN NOUN SPACE NOUN SPACE CCONJ NOUN SCONJ PROPN AUX ADJ PUNCT,O O O O O entity O O entity O attr O entity O entity O O O
The search radius shall be between 1 and 30 miles,DET NOUN NOUN AUX AUX ADP NUM CCONJ NUM NOUN PUNCT,O entity O O O O O O O O O
The system shall locate the preferred repair facility with the highest ratings for the input criteria,DET NOUN AUX VERB DET ADJ NOUN NOUN ADP DET ADJ NOUN ADP DET NOUN NOUN PUNCT,O O O O O O O O O O O O O O O O O
The adjuster shall enter the preferred repair facility on the estimate assignment.,DET NOUN AUX VERB DET ADJ NOUN NOUN ADP DET NOUN NOUN PUNCT,O entity O O O O O O O O O O O
The adjuster shall be able to override the preferred repair facitlity on the estimate assignment.,DET NOUN AUX AUX ADJ PART VERB DET ADJ NOUN NOUN ADP DET NOUN NOUN PUNCT,O entity O O O O O O O O O O O O O O
The preferred repair facility shall be returned to the user.,DET ADJ NOUN NOUN AUX AUX VERB ADP DET NOUN PUNCT,O O O O O O O O O entity O
The system shall return a list of repair facilities within the radius if the preferred repair facility cannot be determined.,DET NOUN AUX VERB DET NOUN ADP NOUN NOUN ADP DET NOUN SCONJ DET ADJ NOUN NOUN AUX PART AUX VERB PUNCT,O O O O O entity O O O O O entity O O O O O O O O O O
The estimator shall search for available recycled parts using damaged vehicle parts information.,DET NOUN AUX VERB ADP ADJ VERB NOUN VERB VERB NOUN NOUN NOUN PUNCT,O entity O O O O O O O O O O O O
The estimator shall search for available recycled parts using a list of preferred parts suppliers.,DET NOUN AUX VERB ADP ADJ VERB NOUN VERB DET NOUN ADP ADJ NOUN NOUN PUNCT,O entity O O O O O O O O entity O O O O O
The system shall search for available recycled parts for the supplied vehicle parts and suppliers.,DET NOUN AUX VERB ADP ADJ VERB NOUN ADP DET VERB NOUN NOUN CCONJ NOUN PUNCT,O O O O O O O O O O O O O O O O
The estimator shall search by zipcode with a radius of 30 miles if no parts are found for the preferred parts suppliers,DET NOUN AUX VERB ADP NOUN ADP DET NOUN ADP NUM NOUN SCONJ DET NOUN AUX VERB ADP DET ADJ NOUN NOUN PUNCT,O entity O O O attr O O entity O O O O attr attr O O O O O attr O O
The system shall retain the available recycled parts and suppliers returned from the search.,DET NOUN AUX VERB DET ADJ VERB NOUN CCONJ NOUN VERB ADP DET NOUN PUNCT,O O O O O O O O O O O O O entity O
The available recycled parts information and their suppliers shall be returned to the user.,DET ADJ VERB NOUN NOUN CCONJ PRON NOUN AUX AUX VERB ADP DET NOUN PUNCT,O O O O O O O O O O O O O entity O
The estimator shall apply selected recycled parts to the collision estimate.,DET NOUN AUX VERB VERB VERB NOUN ADP DET NOUN NOUN PUNCT,O entity O O O O O O O O O O
The estimator shall not apply recycled parts to the collision estimate if no available parts are returned.,DET NOUN AUX PART VERB ADJ NOUN ADP DET NOUN NOUN SCONJ DET ADJ NOUN AUX VERB PUNCT,O entity O O O O O O O O O O O attr O O O O
The adjuster shall review the collision estimate.,DET NOUN AUX VERB DET NOUN NOUN PUNCT,O entity O relationship O O O O
The adjuster shall request a recycled parts audit of the collision estimate.,DET NOUN AUX VERB DET VERB NOUN NOUN ADP DET NOUN NOUN PUNCT,O entity O O O O O attr O O O O O
The recycled parts search results provided to the estimator shall be retrieved by the system.,DET ADJ NOUN NOUN NOUN VERB ADP DET NOUN AUX AUX VERB ADP DET NOUN PUNCT,O O O O O O O O entity O O O O O O O
The system shall generate an audit report based on the available recycled parts and the collision estimate.,DET NOUN AUX VERB DET NOUN NOUN VERB ADP DET ADJ VERB NOUN CCONJ DET NOUN NOUN PUNCT,O O O O O O O O O O O O O O O O O O
The audit report shall include the total number of recycled parts used in the estimate.,DET NOUN NOUN AUX VERB DET ADJ NOUN ADP VERB NOUN VERB ADP DET NOUN PUNCT,O O O O O O O entity O O O O O O entity O
The audit report shall include the number of available recycled parts from the original search results.,DET NOUN NOUN AUX VERB DET NOUN ADP ADJ VERB NOUN ADP DET ADJ NOUN NOUN PUNCT,O O O O relationship O entity O O O O O O O O O O
The audit report shall include the percentage of available recycled parts used in the estimate,DET NOUN NOUN AUX VERB DET NOUN ADP ADJ VERB NOUN VERB ADP DET NOUN PUNCT,O O O O relationship O entity O O O O O O O entity O
The audit report shall include the total score of the audit which sums the indivual line items.,DET NOUN NOUN AUX VERB DET ADJ NOUN ADP DET NOUN PRON VERB DET ADJ NOUN NOUN PUNCT,O entity O O O O O entity O O entity O O O O O O O
The audit report shall be displayed to the user.,DET NOUN NOUN AUX AUX VERB ADP DET NOUN PUNCT,O O O O O O O O entity O
The audit report shall be available to other adjusters at later points in time.,DET NOUN NOUN AUX AUX ADJ ADP ADJ NOUN ADP ADJ NOUN ADP NOUN PUNCT,O O O O O O O O O O O O O entity O
The user shall select to view the preferred repair facility ratings.,DET NOUN AUX VERB PART VERB DET ADJ NOUN NOUN NOUN PUNCT,O entity O O O O O O O O O O
The current repair facility ratings shall be displayed to the user.,DET ADJ NOUN NOUN NOUN AUX AUX VERB ADP DET NOUN PUNCT,O O O O O O O O O O entity O
The system will display a blank set of ratings if there are not ratings yet defined.,DET NOUN AUX VERB DET ADJ NOUN ADP NOUN SCONJ PRON VERB PART NOUN ADV VERB PUNCT,O O O O O O entity O O O O O O O O O O
The user shall enter new ratings based on the audit report,DET NOUN AUX VERB ADJ NOUN VERB ADP DET NOUN NOUN PUNCT,O entity O O O O O O O O O O
The ratings shall be from a scale of 1-10,DET NOUN AUX AUX ADP DET NOUN ADP NUM SYM NUM PUNCT,O O O O O O entity O O O
The ratings shall include categories for attempted use of recycled parts and actual use of recycled parts,DET NOUN AUX VERB NOUN ADP VERB NOUN ADP ADJ NOUN CCONJ ADJ NOUN ADP ADJ NOUN PUNCT,O O O relationship O O O entity O O O O O entity O O O O
The user shall select to save the preferred repair facility ratings.,DET NOUN AUX VERB PART VERB DET ADJ NOUN NOUN NOUN PUNCT,O entity O O O O O O O O O O
The preferred repair facility ratings shall be saved by the system.,DET ADJ NOUN NOUN NOUN AUX AUX VERB ADP DET NOUN PUNCT,O O O O O O O O O O O O
The product shall record meeting entries.,DET NOUN AUX VERB NOUN NOUN PUNCT,O entity O O O O O
The product will notify employees of meeting invitations.,DET NOUN AUX VERB NOUN ADP VERB NOUN PUNCT,O entity O relationship attr O O O O
The product shall have the ability to send meeting reminders to employees.,DET NOUN AUX VERB DET NOUN PART VERB NOUN NOUN ADP NOUN PUNCT,O entity O relationship O entity O O O O O O O
The product shall assign the organizers contact information to each meeting they create.,DET NOUN AUX VERB DET NOUN VERB NOUN ADP DET NOUN PRON VERB PUNCT,O entity O relationship O O O O O O entity O O O
The product will record meeting acknowledgements.,DET NOUN AUX VERB NOUN NOUN PUNCT,O entity O O O O O
The product shall store new conference rooms.,DET NOUN AUX VERB ADJ NOUN NOUN PUNCT,O entity O O O O O O
The product shall update existing conference rooms.,DET NOUN AUX VERB VERB NOUN NOUN PUNCT,O entity O O relationship O O O
The product will be able to delete conference rooms.,DET NOUN AUX AUX ADJ PART VERB NOUN NOUN PUNCT,O entity O O O O relationship O O O
The product shall be able to store new room equipment.,DET NOUN AUX AUX ADJ PART VERB ADJ NOUN NOUN PUNCT,O entity O O O O O O O O O
The product will update existing room equipment.,DET NOUN AUX VERB VERB NOUN NOUN PUNCT,O entity O O O O O O
The product shall be able to delete room equipment.,DET NOUN AUX AUX ADJ PART VERB NOUN NOUN PUNCT,O entity O O O O relationship O O O
The product shall allow an organizer to invite other employees to meetings.,DET NOUN AUX VERB DET NOUN PART VERB ADJ NOUN ADP NOUN PUNCT,O entity O relationship O entity O O O O O O O
Each time a conference room is reserved  the conference room schedule shall be updated to reflect the time and date of the reservation.,DET NOUN DET NOUN NOUN AUX VERB SPACE DET NOUN NOUN NOUN AUX AUX VERB PART VERB DET NOUN CCONJ NOUN ADP DET NOUN PUNCT,O entity O O O O relationship O O O O O O O O relationship O entity O entity O O entity O
The product shall record the transportation status of equipment reserved.,DET NOUN AUX VERB DET NOUN NOUN ADP NOUN VERB PUNCT,O entity O relationship O O attr O entity O O
The product shall display a map of the company building showing conference room locations.,DET NOUN AUX VERB DET NOUN ADP DET NOUN NOUN VERB NOUN NOUN NOUN PUNCT,O entity O relationship O entity O O O O O O O O O
The product shall record updated meeting agendas.,DET NOUN AUX VERB VERB NOUN NOUN PUNCT,O entity O O O O O O
The product shall send a meeting confirmation to the meeting organizer.,DET NOUN AUX VERB DET NOUN NOUN ADP DET NOUN NOUN PUNCT,O entity O relationship O O O O O O O O
The product shall display room equipment according to search parameters.,DET NOUN AUX VERB NOUN NOUN VERB ADP NOUN NOUN PUNCT,O entity O relationship O O O O O O O
The product shall display conference rooms according to search parameters.,DET NOUN AUX VERB NOUN NOUN VERB ADP NOUN NOUN PUNCT,O entity O relationship O O O O O O O
The product shall record different meeting types.,DET NOUN AUX VERB ADJ NOUN NOUN PUNCT,O entity O O O O O O
The product shall record all the equipment that has been reserved.,DET NOUN AUX VERB DET DET NOUN PRON AUX AUX VERB PUNCT,O entity O O O O entity O O O O O
The product shall notify building personnel of equipment transport requests.,DET NOUN AUX VERB VERB NOUN ADP NOUN NOUN NOUN PUNCT,O entity O relationship O attr O O O O O
The product will allow priviledged users to view meeting schedules in multiple reporting views.,DET NOUN AUX VERB ADJ NOUN PART VERB VERB NOUN ADP ADJ NOUN NOUN PUNCT,O entity O O relationship O O O O O O O O O O
The product shall be able to send meeting notifications via different kinds of end-user specified methods.,DET NOUN AUX AUX ADJ PART VERB NOUN NOUN ADP ADJ NOUN ADP NOUN PUNCT NOUN VERB NOUN PUNCT,O entity O O O O O O O O O attr O entity relationship O O
The product shall have a customizable Look and Feel.,DET NOUN AUX VERB DET ADJ NOUN CCONJ VERB PUNCT,O entity O O O O O O O O
The product shall have an intuitive user interface.,DET NOUN AUX VERB DET ADJ NOUN NOUN PUNCT,O entity O O O O O O O
The product will display an available status for unreserved conference rooms.,DET NOUN AUX VERB DET ADJ NOUN ADP ADJ NOUN NOUN PUNCT,O entity O O O O entity O O O O O
The System shall allow generation of Inventory Quantity Adjustment documents on demand.,DET PROPN AUX VERB NOUN ADP PROPN PROPN PROPN NOUN ADP NOUN PUNCT,O O O O entity O O O O O O entity O
The System shall allow on demand generation of all Inventory Quantity Adjustment documents since certain point of time.,DET PROPN AUX VERB ADP NOUN NOUN ADP DET PROPN PROPN PROPN NOUN SCONJ ADJ NOUN ADP NOUN PUNCT,O O O O O O O O O O O O O O O entity O entity O
The IQA subsystem shall take into account current inventory status and adjust inventory of substitutionary ingredients accordingly.,DET PROPN NOUN AUX VERB ADP NOUN ADJ NOUN NOUN CCONJ VERB NOUN ADP ADJ NOUN ADV PUNCT,O O entity O O O attr O entity O O O entity O O O O O
The System shall allow entering  storing and modifying product formulas.,DET PROPN AUX VERB VERB SPACE VERB CCONJ VERB NOUN NOUN PUNCT,O O O O O O O O O O O
Product formulas shall allow use of semi-products  which have own formulas.,NOUN NOUN AUX VERB NOUN ADP NOUN NOUN NOUN SPACE PRON VERB ADJ NOUN PUNCT,O O O O entity O entity O O relationship O O
Product formula ingredients shall allow defining substitutionary ingredients.,NOUN NOUN NOUN AUX VERB VERB ADJ NOUN PUNCT,O O O O O entity O O O
Product formula substitutionary ingredients shall be entered automatically by the PFE subsystem.,NOUN NOUN ADJ NOUN AUX AUX VERB ADV ADP DET PROPN NOUN PUNCT,O entity O O O O O O O O O entity O
Formula substitutionary ingredients shall be kept in persisted order,NOUN ADJ NOUN AUX AUX VERB ADP ADJ NOUN PUNCT,O O O O O O O O entity O
Product shall allow entering  storing and modifying product menus used by POS terminals.,NOUN AUX VERB VERB SPACE VERB CCONJ NOUN NOUN NOUN VERB ADP PROPN NOUN PUNCT,O O O O O O O O O O O O O O
PME Subsystem shall allow building product menus based on the list of products kept in the accounting system.,PROPN PROPN AUX VERB NOUN NOUN NOUN VERB ADP DET NOUN ADP NOUN VERB ADP DET NOUN NOUN PUNCT,O O O O O entity O O O O entity O O O O O O O O
PME Subsystem shall allow keeping submenus within menus and products within submenus in a managed and persisted order.,PROPN PROPN AUX VERB VERB NOUN ADP NOUN CCONJ NOUN ADP NOUN ADP DET VERB CCONJ ADJ NOUN PUNCT,O O O O O O O O O O O O O O entity O O entity O
PME Subsystem shall allow for a product to exist in more than one submenu,PROPN PROPN AUX VERB SCONJ DET NOUN PART VERB ADP ADJ ADP NUM NOUN PUNCT,O O O O O O entity O O O O O O entity O
The RMS System shall have Windows XP look and feel and use GUI futures making its use intuitive.,DET PROPN PROPN AUX VERB PROPN PROPN VERB CCONJ VERB CCONJ VERB PROPN NOUN VERB PRON NOUN NOUN PUNCT,O O O O O O O entity O entity O entity O O O O entity O O
The System shall generate Inventory Quantity Adjustment document based on product daily sales data and product formulas.,DET PROPN AUX VERB PROPN PROPN PROPN NOUN VERB ADP NOUN ADJ NOUN NOUN CCONJ NOUN NOUN PUNCT,O O O O O O O entity O O attr O O O O attr O O
The System shall generate Inventory Quantity Adjustment document automatically when daily Product Sales data is available.,DET PROPN AUX VERB PROPN PROPN PROPN NOUN ADV SCONJ ADJ PROPN PROPN NOUN AUX ADJ PUNCT,O O O O O O O entity O O O O O O O O O
The website will allow customers to search for movies by title  actor  or director.,DET NOUN AUX VERB NOUN PART VERB ADP NOUN ADP NOUN SPACE NOUN SPACE CCONJ NOUN PUNCT,O O O O O O O O attr O O O O entity O
viewing a movie details  the website will display the movies description  actor  and director entered in by the administrator.,VERB DET NOUN NOUN SPACE DET NOUN AUX VERB DET NOUN NOUN SPACE NOUN SPACE CCONJ NOUN VERB ADP ADP DET NOUN PUNCT,entity O O O O O O O O O O O O entity O O O O entity O
Website shall request  and authorize credit card payment before allowing a user to stream a movie.,PROPN AUX VERB SPACE CCONJ VERB NOUN NOUN NOUN ADP VERB DET NOUN PART VERB DET NOUN PUNCT,O O O O O entity O entity O entity O entity O relationship O entity O
shall be able to stream purchased movie via Windows Media Player  for up to 2 days aftere purchase date.,AUX AUX ADJ PART VERB VERB NOUN ADP PROPN PROPN PROPN SPACE ADP ADP PART NUM NOUN NOUN NOUN NOUN PUNCT,O O O O O O entity O O O O O O O O O O O attr O
Website shall allow customers to browse movies by categories entered in by izogn administrator.,NOUN AUX VERB NOUN PART VERB NOUN ADP NOUN VERB ADP ADP ADJ NOUN PUNCT,O O O O O relationship O O O O O O O entity O
Website shall allow customers to view reviews of selected movies by other customers.,NOUN AUX VERB NOUN PART VERB NOUN ADP VERB NOUN ADP ADJ NOUN PUNCT,O O O O O relationship attr O relationship O O O O O
Website shall allow customers to add their own movie review for a selected movie.,NOUN AUX VERB NOUN PART VERB PRON ADJ NOUN NOUN ADP DET VERB NOUN PUNCT,O O O O O O O O entity O O O O entity O
Website shall allow the Izogn administrator to approve a review posted by a customer.,NOUN AUX VERB DET PROPN NOUN PART VERB DET NOUN VERB ADP DET NOUN PUNCT,O O O O O entity O O O entity O O O entity O
System will allow customers to pay for a streaming movie with a pre-paid card.,NOUN AUX VERB NOUN PART VERB ADP DET VERB NOUN ADP DET ADJ ADJ VERB NOUN PUNCT,O O O O O O O O O entity O O O entity O
Website shall allow customers to purchase pre-paid cards of $5  $10  or $20 value either by credit card or mail-in payment option.,NOUN AUX VERB NOUN PART VERB ADJ ADJ VERB NOUN ADP SYM NUM SPACE SYM NUM SPACE CCONJ SYM NUM NOUN CCONJ ADP NOUN NOUN CCONJ NOUN PUNCT ADP NOUN NOUN PUNCT,O O O O O O O attr O O O O O O O O entity O O O entity O O O O O
System shall automatically update the main page of the website every Friday  and show the 4 latest movies that have been added to the website.,NOUN AUX ADV VERB DET ADJ NOUN ADP DET NOUN DET PROPN SPACE CCONJ VERB DET NUM ADJ NOUN PRON AUX AUX VERB ADP DET NOUN PUNCT,O O O O O O entity O O O O O O O O O O O O O O O O O O O
System shall allow users to update their billing and contact information via the Ã¯Â¿Â½My AccountÃ¯Â¿Â½ section of the website.,NOUN AUX VERB NOUN PART VERB PRON NOUN CCONJ NOUN NOUN ADP DET PROPN ADJ NOUN ADP DET NOUN PUNCT,O O O O O O O entity O O O O O O O entity O O O O
Pre-paid cards shall be distributed via email  or via a printed paper card.,ADJ ADJ VERB NOUN AUX AUX VERB ADP NOUN SPACE CCONJ ADP DET VERB NOUN NOUN PUNCT,O O O O O O attr O O O O O entity O
Only registered customers can purchase streaming movies.,ADV VERB NOUN AUX VERB NOUN NOUN PUNCT,O O O O O O O O
Movies can only be streamed if the customer has purchased a movie  and is within the 2-day time period to stream the movie.,NOUN AUX ADV AUX VERB SCONJ DET NOUN AUX VERB DET NOUN SPACE CCONJ AUX ADP DET NUM PUNCT NOUN NOUN NOUN PART VERB DET NOUN PUNCT,O O O O O O O entity O relationship O entity O O O O O O O O relationship O entity O
Website must be able to support free trial periods with various parameters set by the Izogn Manager.,NOUN AUX AUX ADJ PART VERB ADJ NOUN NOUN ADP ADJ NOUN VERB ADP DET PROPN PROPN PUNCT,O O O O O O O O O O O O O O O O O O
All streaming movie sales will be logged in the database  and accessible by the administrator.,DET NOUN NOUN NOUN AUX AUX VERB ADP DET NOUN SPACE CCONJ ADJ ADP DET NOUN PUNCT,O O O O O O O O O O O O O O entity O
All registered customer information shall be stored and maintained in the database  even after the customer cancels their account.,DET VERB NOUN NOUN AUX AUX VERB CCONJ VERB ADP DET NOUN SPACE ADV SCONJ DET NOUN VERB PRON NOUN PUNCT,O O O O O O O O O O O O O O O O O O entity O
Daily usage statistics should be logged  and accessible by the administrator.,ADJ NOUN NOUN AUX AUX VERB SPACE CCONJ ADJ ADP DET NOUN PUNCT,O O O O O O O O O O entity O
The owner shall have free access to all of the streaming movies.,DET NOUN AUX VERB ADJ NOUN ADP PRON ADP DET NOUN NOUN PUNCT,O entity O O O entity O attr O O O O O
The vendor will verify the invalid lead.,DET NOUN AUX VERB DET ADJ NOUN PUNCT,O entity O O O O entity O
Vendor will submit a credit validation record to be applied to the enterprise billing system.,PROPN AUX VERB DET NOUN NOUN NOUN PART AUX VERB ADP DET NOUN NOUN NOUN PUNCT,O O O O O O O O O O O O O O O O
If a lead is scored to the high range the system will supply the lead data and score to the enterprise system.,SCONJ DET NOUN AUX VERB ADP DET ADJ NOUN DET NOUN AUX VERB DET ADJ NOUN CCONJ NOUN ADP DET NOUN NOUN PUNCT,O O entity O O O O O entity O O O O O entity O O entity O O O O O
The leads washing functionality will validate all leads received by the web service for valid data,DET VERB NOUN NOUN AUX VERB DET NOUN VERB ADP DET NOUN NOUN ADP ADJ NOUN PUNCT,O O O O O O O O O O O O O O O entity O
The leads washing functionality will insert all leads captured by the web service.,DET VERB NOUN NOUN AUX VERB DET NOUN VERB ADP DET NOUN NOUN PUNCT,O O O O O O O O O O O O O O
If the leads score falls within the high average score then it will be process by the ARA functionality.,SCONJ DET NOUN NOUN VERB ADP DET ADJ ADJ NOUN ADV PRON AUX AUX NOUN ADP DET PROPN NOUN PUNCT,O O O relationship O O O O O relationship O O O O O O O O entity O
If the leads score falls within the medium average then it will be set for manual verification by an Enrollment Coordinator through the eleads system.,SCONJ DET NOUN NOUN VERB ADP DET ADJ NOUN ADV PRON AUX AUX VERB ADP ADJ NOUN ADP DET PROPN NOUN ADP DET NOUN NOUN PUNCT,O O O relationship O O O O O O O O O O O O entity O O O O O O O O O
If the leads score falls within the low average then it will be returned to the supplying vendor,SCONJ DET NOUN NOUN VERB ADP DET ADJ NOUN ADV PRON AUX AUX VERB ADP DET VERB NOUN PUNCT,O O O relationship O O O O entity O O O O O O O O O O
The leads washing functionality will compile both contact and academic scoring information for a total score.,DET VERB NOUN NOUN AUX VERB PRON NOUN CCONJ ADJ NOUN NOUN ADP DET ADJ NOUN PUNCT,O O O O O O O entity O O O O O O O entity O
The leads washing functionality will use the parameters supplied by corporate and schools to score part of the lead.,DET NOUN NOUN NOUN AUX VERB DET NOUN VERB ADP ADJ CCONJ NOUN PART VERB NOUN ADP DET NOUN PUNCT,O O O O O O O O O O O O O O relationship entity O O entity O
The leads washing functionality will return the lead data supplied to the vendor along with the reason of rejection.,DET VERB NOUN NOUN AUX VERB DET ADJ NOUN VERB ADP DET NOUN ADP ADP DET NOUN ADP NOUN PUNCT,O O O O O O O O O O O O entity O O O entity O entity O
The leads washing functionality will have an interface in which lead data parameters can be maintained.,DET NOUN NOUN NOUN AUX VERB DET NOUN ADP PRON VERB NOUN NOUN AUX AUX VERB PUNCT,O O O O O O O entity O O O O O O O O O
The leads washing functionality will verify the users authentication and rights to make parameter updates.,DET VERB NOUN NOUN AUX VERB DET NOUN NOUN CCONJ NOUN PART VERB NOUN NOUN PUNCT,O O O O O O O O O O O O O O O O
The leads washing functionality will store any potential lead duplicates returned by the enterprise system.,DET VERB NOUN NOUN AUX VERB DET ADJ NOUN NOUN VERB ADP DET NOUN NOUN PUNCT,O O O O O O O O O O O O O O O O
Prior to submitting the lead to the enterprise system the leads washing functionality will assign the lead to an admissions rep.,ADV ADP VERB DET NOUN ADP DET NOUN NOUN PRON VERB NOUN NOUN AUX VERB DET NOUN ADP DET NOUN NOUN PUNCT,O O entity O entity O O O O O O O O O O O entity O O O O O
The leads washing functionality shall receive a period list of available reps from the enterprise system.,DET NOUN NOUN NOUN AUX VERB DET NOUN NOUN ADP ADJ NOUN ADP DET NOUN NOUN PUNCT,O O O O O O O O O O O O O O O O O
The product shall maintain a list of players.,DET NOUN AUX VERB DET NOUN ADP NOUN PUNCT,O entity O relationship O entity O O O
The product shall allow a user to identify himself or herself as a player.,DET NOUN AUX VERB DET NOUN PART VERB PRON CCONJ PRON ADP DET NOUN PUNCT,O entity O relationship O entity O O O O O O O entity O
Once a game has been initiated  the product shall make the players assigned to the game unavailable for selection from the list of players.,ADV DET NOUN AUX AUX VERB SPACE DET NOUN AUX VERB DET NOUN VERB ADP DET NOUN ADJ ADP NOUN ADP DET NOUN ADP NOUN PUNCT,O O entity O O relationship O entity O relationship O O O O O entity O O entity O O entity O O O
The product shall allow a user to remove himself or herself from the list of players at any time.,DET NOUN AUX VERB DET NOUN PART VERB PRON CCONJ PRON ADP DET NOUN ADP NOUN ADP DET NOUN PUNCT,O entity O relationship O entity O O O O O O O entity O O O O entity O
The product shall make inactive players unavailable for selection from the list of players.,DET NOUN AUX VERB ADJ NOUN ADJ ADP NOUN ADP DET NOUN ADP NOUN PUNCT,O entity O O O O O O entity O O entity O O O
The product shall remove players who have been inactive for 24 hours from the list of players.,DET NOUN AUX VERB NOUN PRON AUX AUX ADJ ADP NUM NOUN ADP DET NOUN ADP NOUN PUNCT,O entity O relationship O O O O O O O O O O entity O O O
The product shall allow a player to initiate a game by selecting another available player from the list of players.,DET NOUN AUX VERB DET NOUN PART VERB DET NOUN ADP VERB DET ADJ NOUN ADP DET NOUN ADP NOUN PUNCT,O entity O relationship O entity O relationship O entity O entity O O entity O O entity O O O
Once a game is initiated  the product shall display a defensive grid to each player,ADV DET NOUN AUX VERB SPACE DET NOUN AUX VERB DET ADJ NOUN ADP DET NOUN PUNCT,O O entity O relationship O entity O O O O entity O O entity O
Once a game is initiated  the product shall display an offensive grid to each player.,ADV DET NOUN AUX VERB SPACE DET NOUN AUX VERB DET ADJ NOUN ADP DET NOUN PUNCT,O O entity O relationship O entity O O O O entity O O entity O
The product shall prevent a player from viewing the offensive or defensive grids of the other player.,DET NOUN AUX VERB DET NOUN ADP VERB DET ADJ CCONJ ADJ NOUN ADP DET ADJ NOUN PUNCT,O entity O relationship O entity O entity O O O O attr O O O entity O
Once a game is initiated  the product shall allow each player to position their 5 ships on their respective defensive grids.,ADV DET NOUN AUX VERB SPACE DET NOUN AUX VERB DET NOUN PART VERB PRON NUM NOUN ADP PRON ADJ ADJ NOUN PUNCT,O O entity O relationship O entity O relationship O entity O entity O O O O O O O O O
The product shall allow a player to position ships horizontally on their grid.,DET NOUN AUX VERB DET NOUN PART VERB NOUN ADV ADP PRON NOUN PUNCT,O entity O relationship O entity O O O O O O entity O
The product shall allow the player to position ships vertically on their grid.,DET NOUN AUX VERB DET NOUN PART VERB NOUN ADV ADP PRON NOUN PUNCT,O entity O relationship O entity O O O O O O entity O
The product shall allow the player to position ships diagonally on their grid,DET NOUN AUX VERB DET NOUN PART VERB NOUN ADV ADP PRON NOUN PUNCT,O entity O relationship O entity O O O O O O entity O
The product shall prevent the player from overlapping ships on their grid.,DET NOUN AUX VERB DET NOUN ADP VERB NOUN ADP PRON NOUN PUNCT,O entity O relationship O entity O O O O O entity O
When both players have positioned their 5 ships on their defensive grids  the product shall define the status of each player for the first turn.,SCONJ DET NOUN AUX VERB PRON NUM NOUN ADP PRON ADJ NOUN SPACE DET NOUN AUX VERB DET NOUN ADP DET NOUN ADP DET ADJ NOUN PUNCT,O O O O O O O O O O O O O entity O relationship O entity O O entity O O O entity O
For each turn  the product shall identify one player as offensive status and one player as defensive status.,ADP DET NOUN SPACE DET NOUN AUX VERB NUM NOUN ADP ADJ NOUN CCONJ NUM NOUN ADP ADJ NOUN PUNCT,O O entity O entity O O O entity O O entity O O entity O O entity O
The product shall maintain the status of each player for a turn  either offensive or defensive.,DET NOUN AUX VERB DET NOUN ADP DET NOUN ADP DET NOUN SPACE CCONJ ADJ CCONJ ADJ PUNCT,O entity O relationship O entity O O entity O O entity O O O O O
At the start of each turn  the product shall notify each player of his or her status.,ADP DET NOUN ADP DET NOUN SPACE DET NOUN AUX VERB DET NOUN ADP PRON CCONJ PRON NOUN PUNCT,O O entity O O entity O entity O relationship O entity O O O O entity O
For each turn  the product shall allow the offensive player to define a shot.,ADP DET NOUN SPACE DET NOUN AUX VERB DET ADJ NOUN PART VERB DET NOUN PUNCT,O O entity O entity O O O O entity O relationship O entity O
For each shot  the product shall examine the defensive grid of the defensive player to determine whether the shot was a hit or miss.,ADP DET NOUN SPACE DET NOUN AUX VERB DET ADJ NOUN ADP DET ADJ NOUN PART VERB SCONJ DET NOUN AUX DET NOUN CCONJ NOUN PUNCT,O O entity O entity O O O O entity O O O entity O O O O entity relationship O entity O entity O
For each shot  the product shall notify the players whether the shot was a hit or miss.,ADP DET NOUN SPACE DET NOUN AUX VERB DET NOUN SCONJ DET NOUN AUX DET NOUN CCONJ NOUN PUNCT,O O entity O entity O relationship O O O O entity relationship O entity O entity O
For each shot  the product shall mark the shot as a hit or miss on the defensive grid of the defensive player.,ADP DET NOUN SPACE DET NOUN AUX VERB DET NOUN ADP DET NOUN CCONJ VERB ADP DET ADJ NOUN ADP DET ADJ NOUN PUNCT,O O entity O entity O relationship O entity O O entity O O O O O entity O O O entity O
For each shot  the product shall mark the shot as a hit or miss on the offensive grid of the offensive player.,ADP DET NOUN SPACE DET NOUN AUX VERB DET NOUN ADP DET NOUN CCONJ VERB ADP DET ADJ NOUN ADP DET ADJ NOUN PUNCT,O O entity O entity O relationship O entity O O entity O O O O O entity O O O entity O
When the hit results in sinking a ship  the product shall notify the players that the ship was sunk.,SCONJ DET ADJ NOUN ADP VERB DET NOUN SPACE DET NOUN AUX VERB DET NOUN SCONJ DET NOUN AUX VERB PUNCT,O O O O O entity O entity O entity O relationship O O O O entity relationship entity O
When the hit results in sinking a ship  the product shall mark the ship as sunk on the defensive grid of the defensive player.,SCONJ DET ADJ NOUN ADP VERB DET NOUN SPACE DET NOUN AUX VERB DET NOUN SCONJ VERB ADP DET ADJ NOUN ADP DET ADJ NOUN PUNCT,O O O O O entity O entity O entity O relationship O entity O entity O O O entity O O O entity O
When the hit results in sinking a ship  the product shall indicate the type of ship sunk on the defensive grid of the defensive player.,SCONJ DET ADJ NOUN ADP VERB DET NOUN SPACE DET NOUN AUX VERB DET NOUN ADP NOUN VERB ADP DET ADJ NOUN ADP DET ADJ NOUN PUNCT,O O O O O entity O entity O entity O relationship O entity O entity entity O O O entity O O O entity O
When the hit results in sinking a ship  the product shall mark the ship as sunk on the offensive grid of the offensive player.,SCONJ DET ADJ NOUN ADP VERB DET NOUN SPACE DET NOUN AUX VERB DET NOUN SCONJ VERB ADP DET ADJ NOUN ADP DET ADJ NOUN PUNCT,O O O O O entity O entity O entity O relationship O entity O entity O O O entity O O O entity O
If the shot was marked as a hit  the product shall allow the offensive player to define a shot.,SCONJ DET NOUN AUX VERB ADP DET NOUN SPACE DET NOUN AUX VERB DET ADJ NOUN PART VERB DET NOUN PUNCT,O O entity O O O O entity O entity O O O O entity O relationship O entity O
If the shot was marked as a miss  the product shall change the status of the offensive player to defensive,SCONJ DET NOUN AUX VERB ADP DET NOUN SPACE DET NOUN AUX VERB DET NOUN ADP DET ADJ NOUN PART VERB PUNCT,O O entity O O O O entity O entity O relationship O entity O O O entity O O O
If the shot was marked as a miss  the product shall change the status of the defensive player to offensive,SCONJ DET NOUN AUX VERB ADP DET NOUN SPACE DET NOUN AUX VERB DET NOUN ADP DET ADJ NOUN PART VERB PUNCT,O O entity O O O O entity O entity O relationship O entity O O O entity O O O
The product shall continue to assign turns until the game is ended.,DET NOUN AUX VERB PART VERB NOUN SCONJ DET NOUN AUX VERB PUNCT,O entity O O O relationship O O O entity O O O
The product shall end a game when a hit by the offensive player results in sinking the last of the defensive playerÃ¯Â¿Â½s ships  which had not been previously marked as sunk.,DET NOUN AUX VERB DET NOUN SCONJ DET NOUN ADP DET ADJ NOUN VERB ADP VERB DET ADJ ADP DET ADJ PROPN NOUN SPACE PRON AUX PART AUX ADV VERB SCONJ VERB PUNCT,O entity O relationship O entity O O entity O O O O O O entity O attr O O O O O O O O O O O O O O
The product shall allow a player to end a game at any time during the game.,DET NOUN AUX VERB DET NOUN PART VERB DET NOUN ADP DET NOUN ADP DET NOUN PUNCT,O entity O relationship O entity O relationship O entity O O entity O O entity O
When a game is ended  the product shall notify the players that the game is ended.,SCONJ DET NOUN AUX VERB SPACE DET NOUN AUX VERB DET NOUN SCONJ DET NOUN AUX VERB PUNCT,O O entity O relationship O entity O relationship O O O O entity O relationship O
The notification of the game ending will include the reason the game is ended (i.e.  a player has won the game or a player has ended the game).,DET NOUN ADP DET NOUN NOUN AUX VERB DET NOUN DET NOUN AUX VERB PUNCT X SPACE DET NOUN AUX VERB DET NOUN CCONJ DET NOUN AUX VERB DET NOUN PUNCT PUNCT,O entity O relationship O entity O O entity O relationship O entity O O
When a game is ended  the product shall allow each player to identify himself or herself as an available player in the list of players.,SCONJ DET NOUN AUX VERB SPACE DET NOUN AUX VERB DET NOUN PART VERB PRON CCONJ PRON ADP DET ADJ NOUN ADP DET NOUN ADP NOUN PUNCT,O O entity O relationship O entity O relationship O entity O O O O O O O O entity O O entity O O O
When a game is ended  the product shall allow each player to remove himself or herself from the list of players.,SCONJ DET NOUN AUX VERB SPACE DET NOUN AUX VERB DET NOUN PART VERB PRON CCONJ PRON ADP DET NOUN ADP NOUN PUNCT,O O entity O relationship O entity O relationship O entity O O O O O O O entity O O O
The system shall allow a real estate agent to query MLS information,DET NOUN AUX VERB DET ADJ NOUN NOUN AUX VERB PROPN NOUN PUNCT,O O O O O O O O O O O O O
The user shall be able to get driving directions to a selected property,DET NOUN AUX AUX ADJ PART VERB VERB NOUN ADP DET VERB NOUN PUNCT,O entity O O O O O O O O O relationship entity O
The user shall be able to download appointments and contact information for clients,DET NOUN AUX AUX ADJ PART VERB NOUN CCONJ NOUN NOUN ADP NOUN PUNCT,O entity O O O O relationship O O O O O O O
The system shall display clear property images in the search results,DET NOUN AUX VERB ADJ NOUN NOUN ADP DET NOUN NOUN PUNCT,O O O O O O O O O O O O
The system shall be able to call the seller or buyer to schedule an appointment,DET NOUN AUX AUX ADJ PART VERB DET NOUN CCONJ NOUN PART VERB DET NOUN PUNCT,O O O O O O O O entity O entity O relationship O entity O
The realtor shall be notified of new client appointments after automatic synchronization with office system,DET NOUN AUX AUX VERB ADP ADJ NOUN NOUN ADP ADJ NOUN ADP NOUN NOUN PUNCT,O entity O O attr O O O O O O entity O O O O
The realtor shall be able to retrieve a map showing property locations for a specified area,DET NOUN AUX AUX ADJ PART VERB DET NOUN VERB NOUN NOUN ADP DET ADJ NOUN PUNCT,O entity O O O O O O O O O O O O O entity O
The system shall notify the realtor when a seller or buyer responds to an appointment request,DET NOUN AUX VERB DET NOUN SCONJ DET NOUN CCONJ NOUN VERB ADP DET NOUN NOUN PUNCT,O O O O O entity O O entity O O O O O O O O
The product shall allow the user to save the property search results.,DET NOUN AUX VERB DET NOUN PART VERB DET NOUN NOUN NOUN PUNCT,O entity O relationship O entity O relationship O O O O O
A cohort shall be associated to one Program of Study offered by the department.,DET NOUN AUX AUX VERB ADP NUM PROPN ADP PROPN VERB ADP DET NOUN PUNCT,O entity O O O O O attr O O O O O entity O
Program Administrators and Nursing Staff Members shall be able to add a listing of students to a cohort.,PROPN PROPN CCONJ PROPN PROPN NOUN AUX AUX ADJ PART VERB DET NOUN ADP NOUN ADP DET NOUN PUNCT,O O O O O O O O O O O O entity O O O O entity O
Program Administrators and Nursing Staff Members shall be able to add a single student to a cohort,PROPN PROPN CCONJ PROPN PROPN NOUN AUX AUX ADJ PART VERB DET ADJ NOUN ADP DET NOUN PUNCT,O O O O O O O O O O O O O entity O O entity O
Students added to a cohort shall be eligible for the cohortÃ¯Â¿Â½s Program of Study.,NOUN VERB ADP DET NOUN AUX AUX ADJ ADP DET PROPN PROPN ADP PROPN PUNCT,O O O O entity O O O O O O attr O O O
Program Administrators and Nursing Staff Members shall be able to specify the preferred sequence of classes for a given cohort.,PROPN PROPN CCONJ PROPN PROPN NOUN AUX AUX ADJ PART VERB DET ADJ NOUN ADP NOUN ADP DET VERB NOUN PUNCT,O O O O O O O O O O O O O entity O O O O relationship entity O
For each class within a sequence for a cohort  Program Administrators and Nursing Staff Members shall be able to specify which quarter that class will be offered.,ADP DET NOUN ADP DET NOUN ADP DET NOUN SPACE PROPN PROPN CCONJ PROPN PROPN NOUN AUX AUX ADJ PART VERB DET NOUN DET NOUN AUX AUX VERB PUNCT,O O entity O O entity O O entity O O O O O O O O O O O O entity O entity O O O O
For each class within a sequence for a cohort  Program Administrators and Nursing Staff Members shall be able to specify which quarter that class will be offered.,ADP DET NOUN ADP DET NOUN ADP DET NOUN SPACE PROPN PROPN CCONJ PROPN PROPN NOUN AUX AUX ADJ PART VERB DET NOUN DET NOUN AUX AUX VERB PUNCT,O O entity O O entity O O entity O O O O O O O O O O O O entity O entity O O O O
Program Administrators and Nursing Staff Members shall be able to add new classes to a sequence of classes,PROPN PROPN CCONJ PROPN PROPN NOUN AUX AUX ADJ PART VERB ADJ NOUN ADP DET NOUN ADP NOUN PUNCT,O O O O O O O O O O O O O O O entity O O O
The system shall display data from the Sync Matrix 1.0 and Exercise Management Tool 1.0 applications,DET NOUN AUX VERB NOUN ADP DET PROPN PROPN NUM CCONJ PROPN PROPN PROPN NUM NOUN PUNCT,O O O O entity O O O O O O O O O O O O
The system shall link Events back to either the Sync Matrix 1.0 or the Exercise Managment Tool 1.0 applications for modifications.,DET NOUN AUX VERB NOUN ADV ADP CCONJ DET PROPN PROPN NUM CCONJ DET PROPN PROPN PROPN NUM NOUN ADP NOUN PUNCT,O O O O O O O O O O O O O O O O O O O O O O
The system shall allow modification of the display.,DET NOUN AUX VERB NOUN ADP DET NOUN PUNCT,O O O O entity O O entity O
The system shall offer a display of all the Events in the exercise.,DET NOUN AUX VERB DET NOUN ADP DET DET NOUN ADP DET NOUN PUNCT,O O O O O entity O O O O O O entity O
The system shall filter data by: Venues and Key Events.,DET NOUN AUX VERB NOUN ADP PUNCT NOUN CCONJ ADJ NOUN PUNCT,O O O O entity O O O O O O O
The system shall allow a user to define the time segments,DET NOUN AUX VERB DET NOUN PART VERB DET NOUN NOUN PUNCT,O O O O O entity O O O O O O
The system shall display the local and exercise time in separate clocks,DET NOUN AUX VERB DET ADJ CCONJ NOUN NOUN ADP ADJ NOUN PUNCT,O O O O O O O O O O O O O
The system shall offer the ability to pause and resume the refresh of data.,DET NOUN AUX VERB DET NOUN PART VERB CCONJ VERB DET NOUN ADP NOUN PUNCT,O O O O O entity O O O relationship O entity O entity O
The system shall provide charts for the Activity or Event actual versus assumed time.,DET NOUN AUX VERB NOUN ADP DET PROPN CCONJ PROPN ADJ ADP ADJ NOUN PUNCT,O O O O O O O O O O O entity relationship entity O
The system will use the stored e-mail addresses as a primary means of communicating information to affected parties.,DET NOUN AUX VERB DET VERB NOUN NOUN NOUN NOUN ADP DET ADJ NOUN ADP VERB NOUN ADP ADJ NOUN PUNCT,O O O O O O O O O O O attr O O O O O O O
The system will notify affected parties for routine communication purposes  including but not limited to informing students of upcoming offered classes (timeline) and what their schedule will be/shall be.,DET NOUN AUX VERB ADJ NOUN ADP ADJ NOUN NOUN SPACE VERB CCONJ PART VERB ADP VERB NOUN ADP ADJ VERB NOUN PUNCT NOUN PUNCT CCONJ PRON PRON NOUN AUX AUX SYM AUX AUX PUNCT,O O O O O O O O O O O O O O O O attr O entity O O O entity O O O O entity O O O O
The system will notify affected parties when changes occur affecting clinicals  including but not limited to clinical section capacity changes  and clinical section cancellations.,DET NOUN AUX VERB ADJ NOUN SCONJ NOUN VERB VERB NOUN SPACE VERB CCONJ PART VERB ADP ADJ NOUN NOUN NOUN SPACE CCONJ ADJ NOUN NOUN PUNCT,O O O O O O O O O O O O O O O O O O O O O O O O O
The system will notify affected parties when changes occur affecting classes  including but not limited to class cancellations  class section detail changes  and changes to class offerings for a given quarter.,DET NOUN AUX VERB ADJ NOUN SCONJ NOUN VERB VERB NOUN SPACE VERB CCONJ PART VERB ADP NOUN NOUN SPACE NOUN NOUN NOUN NOUN SPACE CCONJ NOUN ADP NOUN NOUN ADP DET VERB NOUN PUNCT,O O O O O O O O O O O O O O O O O O O O O O O O O O O O O O entity O
The system shall display Events or Activities.,DET NOUN AUX VERB NOUN CCONJ PROPN PUNCT,O O O O O O O O
The display shall have two regions:  left 2/3 of the display is graphical  right 1/3 of the display is a data table,DET NOUN AUX VERB NUM NOUN PUNCT SPACE VERB NUM ADP DET NOUN AUX ADJ SPACE ADV NUM ADP DET NOUN AUX DET NOUN NOUN PUNCT,O entity O O O O O O attr O O entity O O O attr O O entity O O O O O
The data displayed in both the nodes within the graph and the rows in the table are MSEL Summary data,DET NOUN VERB ADP CCONJ DET NOUN ADP DET NOUN CCONJ DET NOUN ADP DET NOUN AUX PROPN PROPN NOUN PUNCT,O entity O O O O O O O entity O O O O O entity O O O entity O
The table side of the display shall be split into 2 regions: sequential and temporal.,DET NOUN NOUN ADP DET NOUN AUX AUX VERB ADP NUM NOUN PUNCT ADJ CCONJ ADJ PUNCT,O O entity O O entity O O O O O O O O O O O
The top 1/4 of the table will hold events that are to occur sequentially.,DET ADJ NUM ADP DET NOUN AUX VERB NOUN PRON AUX PART VERB ADV PUNCT,O O O O O entity O relationship O O O O O O O
The bottom 3/4 of the table will hold events that occur according to its relevance to current time.,DET ADJ NUM ADP DET NOUN AUX VERB NOUN PRON VERB VERB ADP PRON NOUN ADP ADJ NOUN PUNCT,O O O O O entity O relationship O O O entity O O entity O O entity O
The system shall color code events according to their variance from current time.,DET NOUN AUX VERB NOUN NOUN VERB ADP PRON NOUN ADP ADJ NOUN PUNCT,O O O O O O O O O entity O O entity O
The system shall provide a history report of changes made to the Activity or Event data,DET NOUN AUX VERB DET NOUN NOUN ADP NOUN VERB ADP DET PROPN CCONJ PROPN NOUN PUNCT,O O O O O O O O O O O O O O O entity O
The system shall update or create new property listings in the MLS,DET NOUN AUX VERB CCONJ VERB ADJ NOUN NOUN ADP DET PROPN PUNCT,O O O O O O O O O O O O O
Realtor shall be able to generate a CMA report based on property criteria,NOUN AUX AUX ADJ PART VERB DET NOUN NOUN VERB ADP NOUN NOUN PUNCT,O O O O O O O O entity O O attr O O
Program Administrators and Nursing Staff Members shall be able to add clinical classes or sections to a sequence of classes,PROPN PROPN CCONJ PROPN PROPN NOUN AUX AUX ADJ PART VERB ADJ NOUN CCONJ NOUN ADP DET NOUN ADP NOUN PUNCT,O O O O O O O O O O O O O O O O O entity O O O
Program Administrators and Nursing Staff Members shall be able to add a new cohort to the system  identified by start month and year.,PROPN PROPN CCONJ PROPN PROPN NOUN AUX AUX ADJ PART VERB DET ADJ NOUN ADP DET NOUN SPACE VERB ADP ADJ NOUN CCONJ NOUN PUNCT,O O O O O O O O O O O O O entity O O O O O O entity O entity O
Program Administrators and Nursing Staff Members shall be able to add new classes for the nursing department into the system.,PROPN PROPN CCONJ PROPN PROPN NOUN AUX AUX ADJ PART VERB ADJ NOUN ADP DET NOUN NOUN ADP DET NOUN PUNCT,O O O O O O O O O O O O O O O O O O O O O
A class shall be either a non-clinical class or a clinical class.,DET NOUN AUX AUX CCONJ DET ADJ ADJ ADJ NOUN CCONJ DET ADJ NOUN PUNCT,O entity O O O O O entity O O O entity O
A non-clinical class shall specify the course name  lecture room requirements  and instructor needs.,DET ADJ ADJ ADJ NOUN AUX VERB DET NOUN NOUN SPACE NOUN NOUN NOUN SPACE CCONJ NOUN NOUN PUNCT,O O entity O relationship O O attr O O O O O O O
A clinical class shall specify the course name  lecture room requirements  clinical site needs  lecture instructor needs  and clinical lab instructor needs.,DET ADJ NOUN AUX VERB DET NOUN NOUN SPACE NOUN NOUN NOUN SPACE ADJ NOUN VERB SPACE NOUN NOUN VERB SPACE CCONJ ADJ NOUN NOUN NOUN PUNCT,O O entity O relationship O O attr O O O O O O O O O O O O O O O
Program Administrators/Nursing Staff Members shall be able to create a new Program of Study.,PROPN PROPN SYM PROPN PROPN NOUN AUX AUX ADJ PART VERB DET ADJ PROPN ADP PROPN PUNCT,O O O O O O O O O O O O O O O
A Program of Study shall consist of a program name and listing of required classes (both clinical and non-clinical) that must be completed.,DET PROPN ADP PROPN AUX VERB ADP DET NOUN NOUN CCONJ VERB ADP VERB NOUN PUNCT CCONJ ADJ CCONJ ADJ ADJ ADJ PUNCT PRON AUX AUX VERB PUNCT,O O O O O O O O O O O entity O O O O O O O O O O O O O O
Program Administrators and Nursing Staff Members shall have the ability to specify which classes are required for a Program of Study,PROPN PROPN CCONJ PROPN PROPN NOUN AUX VERB DET NOUN PART VERB DET NOUN AUX VERB ADP DET PROPN ADP PROPN PUNCT,O O O O O O O O O entity O O O O O O O O O O O O
The system shall be able to display a report of needed classes for a given quarter for all cohorts of all programs for Program Administrators/Nursing Staff MembersÃ¯Â¿Â½ planning purposes.,DET NOUN AUX AUX ADJ PART VERB DET NOUN ADP VERB NOUN ADP DET VERB NOUN ADP DET NOUN ADP DET NOUN ADP PROPN PROPN SYM PROPN PROPN ADJ NOUN NOUN PUNCT,O O O O O O O O entity O O O O O relationship entity O O attr O O O O O O O O O O O
The report of needed classes shall include (but not be limited to) classes to be offered  number of sections needed  number of labs needed  and room types needed.,DET NOUN ADP VERB NOUN AUX VERB PUNCT CCONJ PART AUX VERB ADP PUNCT NOUN PART AUX VERB SPACE NOUN ADP NOUN VERB SPACE NOUN ADP NOUN VERB SPACE CCONJ NOUN NOUN VERB PUNCT,O entity O relationship O O O O O O O O O O O O O relationship entity O O relationship entity O O relationship O O O relationship O
Classes for a given cohort shall not conflict with regards to the time and day that they are offered.,NOUN ADP DET VERB NOUN AUX PART VERB ADP NOUN ADP DET NOUN CCONJ NOUN SCONJ PRON AUX VERB PUNCT,O O O O entity O O O O attr O O entity O entity O O O O O
Program Administrators and Nursing Staff Members shall be able to add a new clinical site into the system.,PROPN PROPN CCONJ PROPN PROPN NOUN AUX AUX ADJ PART VERB DET ADJ ADJ NOUN ADP DET NOUN PUNCT,O O O O O O O O O O O O O O entity O O O O
Clinical site information shall include (but not be limited to) the name of the site  contact person  and contact information.,ADJ NOUN NOUN AUX VERB PUNCT CCONJ PART AUX VERB ADP PUNCT DET NOUN ADP DET NOUN SPACE NOUN NOUN SPACE CCONJ NOUN NOUN PUNCT,O O O O O O O O O O O O O entity O O O O O O O O O
Program Administrators and Nursing Staff Members shall be able to add a new clinical lab section for an existing clinical class into the System.,PROPN PROPN CCONJ PROPN PROPN NOUN AUX AUX ADJ PART VERB DET ADJ ADJ NOUN NOUN ADP DET VERB ADJ NOUN ADP DET PROPN PUNCT,O O O O O O O O O O O O O O O O O O entity O entity O O O O
A clinical lab section shall include the clinical site name  the class  instructor  day and time of the lab.,DET ADJ NOUN NOUN AUX VERB DET ADJ NOUN NOUN SPACE DET NOUN SPACE NOUN SPACE NOUN CCONJ NOUN ADP DET NOUN PUNCT,O O entity O O O O O O attr O O O O O entity O O entity O
Program Administrators and Nursing Staff Members shall be able to add a student who has registered for a clinical class to a clinical lab section for that class.,PROPN PROPN CCONJ PROPN PROPN NOUN AUX AUX ADJ PART VERB DET NOUN PRON AUX VERB ADP DET ADJ NOUN ADP DET ADJ NOUN NOUN ADP DET NOUN PUNCT,O O O O O O O O O O O O entity O O O O O O entity O O O O O O O entity O
The system shall allow a Program Administrator or Nursing staff member to remove a student from a clinical lab section.,DET NOUN AUX VERB DET PROPN PROPN CCONJ PROPN NOUN NOUN PART VERB DET NOUN ADP DET ADJ NOUN NOUN PUNCT,O O O O O O O O O O O O relationship O entity O O O O O O
The system shall allow a Program Administrator/Nursing Staff Member to move a student from one clinical lab section to another clinical lab section corresponding to the same clinical class.,DET NOUN AUX VERB DET PROPN PROPN SYM PROPN PROPN PROPN PART VERB DET NOUN ADP NUM ADJ NOUN NOUN ADP DET ADJ NOUN NOUN VERB ADP DET ADJ ADJ NOUN PUNCT,O O O O O O O O O O O O entity O O O O O O O O O O O O O O O entity O
Program Administrators/Nursing Staff Members shall be able to cancel a clinical lab section only if there are no students registered for that clinical lab section.,PROPN PROPN SYM PROPN PROPN NOUN AUX AUX ADJ PART VERB DET ADJ NOUN NOUN ADV SCONJ PRON VERB DET NOUN VERB ADP DET ADJ NOUN NOUN PUNCT,O O O O O O O O O O O O O O O O relationship O attr O O O O O O O
A Program Administrator/Nursing Staff Member shall be able to add a new nursing student to the system.,DET PROPN PROPN SYM PROPN PROPN PROPN AUX AUX ADJ PART VERB DET ADJ NOUN NOUN ADP DET NOUN PUNCT,O O O O O O O O O O O O O O O O O O
A staff member shall have the ability to manage the progress of a part time student  which includes modifying their sequence of classes and timeline of classes.,DET NOUN NOUN AUX VERB DET NOUN PART VERB DET NOUN ADP DET NOUN NOUN NOUN SPACE PRON VERB VERB PRON NOUN ADP NOUN CCONJ NOUN ADP NOUN PUNCT,O O O O relationship O entity O relationship O entity O O O O O O O entity O entity O O O entity O O O
The system shall be able to display a printable summary for individual cohorts  which will include the students enlisted  the Program of study  sequence of classes  cohort progress through the program  and timeline of completion.,DET NOUN AUX AUX ADJ PART VERB DET ADJ NOUN ADP ADJ NOUN SPACE PRON AUX VERB DET NOUN VERB SPACE DET PROPN ADP NOUN SPACE NOUN ADP NOUN SPACE VERB NOUN ADP DET NOUN SPACE CCONJ NOUN ADP NOUN PUNCT,O O O O O O O O O entity O O O O O relationship O O O O attr O O O O O entity O O O entity O entity O entity O
The system shall be able to display a printable summary for individual clinical sites  which will include information on labs being held at that site for the given quarter (Clinical site  general information on labs held at that location  dates and times of all labs held there).,DET NOUN AUX AUX ADJ PART VERB DET ADJ NOUN ADP ADJ ADJ NOUN SPACE PRON AUX VERB NOUN ADP NOUN AUX VERB ADP DET NOUN ADP DET VERB NOUN PUNCT ADJ NOUN SPACE ADJ NOUN ADP NOUN VERB ADP DET NOUN SPACE NOUN CCONJ NOUN ADP DET NOUN VERB ADV PUNCT PUNCT,O O O O O O O O O entity O O O O O O O O O O O O O O entity O O relationship entity O O entity O O O O O O O O O O attr O O O O O O O
The system shall be able to display a printable summary for individual clinical labs  which will include (but not be limited to) class name  class number  lab section  listing of students enrolled  instructor  day(s)  time  and location.,DET NOUN AUX AUX ADJ PART VERB DET ADJ NOUN ADP ADJ ADJ NOUN SPACE PRON AUX VERB PUNCT CCONJ PART AUX VERB ADP PUNCT NOUN NOUN SPACE NOUN NOUN SPACE NOUN NOUN SPACE VERB ADP NOUN VERB SPACE NOUN SPACE PROPN PUNCT SPACE NOUN SPACE CCONJ NOUN PUNCT,O O O O O O O O O entity O O O O O O O O O O O O O O attr O attr O O O O O O O O O O O O entity O entity O
The system shall be able to display a printable summary for individual nursing students  which will include (but not be limited to) student name  student ID  admission date  classes  credits  GPA  and the cohort that the student is enrolled in.,DET NOUN AUX AUX ADJ PART VERB DET ADJ NOUN ADP ADJ NOUN NOUN SPACE PRON AUX VERB PUNCT CCONJ PART AUX VERB ADP PUNCT NOUN NOUN SPACE NOUN PROPN SPACE NOUN NOUN SPACE NOUN SPACE NOUN SPACE PROPN SPACE CCONJ DET NOUN PRON DET NOUN AUX VERB ADP PUNCT,O O O O O O O O O entity O O O O O O O O O O O O O O O attr O O O O O O O O O entity O O O O O O O
The system shall be able to display a printable summary of the system log.,DET NOUN AUX AUX ADJ PART VERB DET ADJ NOUN ADP DET NOUN NOUN PUNCT,O O O O O O O O O entity O O O O O
The system shall contain contact information (e-mail and phone number) for all people relevant to the system  including (but not limited to) staff members  students  lecture instructors  clinical lab instructors  and clinical site administrators.,DET NOUN AUX VERB NOUN NOUN PUNCT NOUN NOUN NOUN CCONJ NOUN NOUN PUNCT ADP DET NOUN ADJ ADP DET NOUN SPACE VERB PUNCT CCONJ PART VERB ADP PUNCT NOUN NOUN SPACE NOUN SPACE PROPN NOUN SPACE ADJ NOUN NOUN SPACE CCONJ ADJ NOUN NOUN PUNCT,O O O O O O O O O O O O O O entity O O O O O O O O O O O O O O O O O O O O O O O O
The system will notify affected parties when changes occur affecting cohorts  including but not limited to changes to the sequence for a cohortÃ¯Â¿Â½s program of study and changes to a given weekÃ¯Â¿Â½s schedule (lab cancelled this week due to instructor illness).,DET NOUN AUX VERB ADJ NOUN SCONJ NOUN VERB VERB NOUN SPACE VERB CCONJ PART VERB ADP NOUN ADP DET NOUN ADP DET PROPN NOUN ADP NOUN CCONJ NOUN ADP DET VERB NOUN NOUN PUNCT NOUN VERB DET NOUN ADP ADP NOUN NOUN PUNCT PUNCT,O O O O O O O O O O O O O O O O O O O entity O O O entity O entity O O O O O O O O entity relationship O entity O O relationship entity O O
The system will notify affected parties when changes occur affecting specific students  including but not limited to changing a studentÃ¯Â¿Â½s status from full time to part time and moving a student to a different clinical section.,DET NOUN AUX VERB ADJ NOUN SCONJ NOUN AUX VERB ADJ NOUN SPACE VERB CCONJ PART VERB ADP VERB DET NOUN NOUN ADP ADJ NOUN PART VERB NOUN CCONJ VERB DET NOUN ADP DET ADJ ADJ NOUN PUNCT,O O O O O O O O O entity O O O O O O O entity O O entity O O entity O O entity O entity O entity O O O O entity O
Program Administrators/Nursing Staff Members shall have the ability to modify information relating to cohorts  including cohort identifier  program of study  preferred sequence of classes and quarters that a cohort will be taking specific classes.,PROPN PROPN SYM PROPN PROPN NOUN AUX VERB DET NOUN PART VERB NOUN VERB ADP NOUN SPACE VERB NOUN ADJ SPACE NOUN ADP NOUN SPACE ADJ NOUN ADP NOUN CCONJ NOUN PRON DET NOUN AUX AUX VERB ADJ NOUN PUNCT,O O O O O O O entity O O O O O O relationship entity O entity O entity O entity O O O O O O entity O O entity O O O
Program Administrators/Nursing Staff Members shall have the ability to modify information relating to a Program of Study within the Nursing Department  including the Program of study name  and required classes for that Program of Study.,PROPN PROPN SYM PROPN PROPN NOUN AUX VERB DET NOUN PART VERB NOUN VERB ADP DET PROPN ADP PROPN ADP DET PROPN PROPN SPACE VERB DET PROPN ADP NOUN NOUN SPACE CCONJ VERB NOUN ADP DET PROPN ADP PROPN PUNCT,O O O O O O O entity O O O O O O O O O O O O O entity O O O O O attr O O O O O O O O
Program Administrators/Nursing Staff Members shall have the ability to modify information relating to a Clinical Site  including the clinical site name  site contact person  contact information  and address.,PROPN PROPN SYM PROPN PROPN NOUN AUX VERB DET NOUN PART VERB NOUN VERB ADP DET PROPN PROPN SPACE VERB DET ADJ NOUN NOUN SPACE NOUN NOUN NOUN SPACE NOUN NOUN SPACE CCONJ NOUN PUNCT,O O O O O O O entity O O O O O O O O entity O O O attr O O O O O O entity attr
Program Administrators/Nursing Staff Members shall have the ability to modify information relating to a Clinical Lab Section  including the clinical site name  the department/section for the lab  the class  instructor  day and time of lab  and contact information.,PROPN PROPN SYM PROPN PROPN NOUN AUX VERB DET NOUN PART VERB NOUN VERB ADP DET PROPN PROPN PROPN SPACE VERB DET ADJ NOUN NOUN SPACE DET NOUN SYM NOUN ADP DET NOUN SPACE DET NOUN SPACE NOUN SPACE NOUN CCONJ NOUN ADP NOUN SPACE CCONJ NOUN NOUN PUNCT,O O O O O O O entity O O O O O O O O O entity O O O attr O entity O O entity O O O O O entity O entity O O O O
Program Administrators/Nursing Staff Members shall have the ability to modify information relating to a Nursing Student  including student ID  student name  phone number  e-mail  status (full time or part time)  and program of study.,PROPN PROPN SYM PROPN PROPN NOUN AUX VERB DET NOUN PART VERB NOUN VERB ADP DET PROPN PROPN SPACE VERB NOUN PROPN SPACE NOUN NOUN SPACE NOUN NOUN SPACE NOUN NOUN NOUN SPACE NOUN PUNCT ADJ NOUN CCONJ NOUN NOUN PUNCT SPACE CCONJ NOUN ADP NOUN PUNCT,O O O O O O O entity O O O O O O O O O O O O O attr O O entity O O entity O O entity O O entity O entity O
"A person is characterized by his name, his first name, his sex and his age. The objects of the Person class must be able to calculate their income and expenses. The attributes of the class are private; the name, the first name and the age of the person must be accessible by public operations.",DET NOUN AUX VERB ADP PRON NOUN PUNCT PRON ADJ NOUN PUNCT PRON NOUN CCONJ PRON NOUN PUNCT DET NOUN ADP DET PROPN NOUN AUX AUX ADJ PART VERB PRON NOUN CCONJ NOUN PUNCT DET NOUN ADP DET NOUN AUX ADJ PUNCT DET NOUN PUNCT DET ADJ NOUN CCONJ DET NOUN ADP DET NOUN AUX AUX ADJ ADP ADJ NOUN PUNCT,O attr O O entity O O O O entity O O O entity attr O entity O O entity O O O O O O O
"Every day, the mailman delivers registered mail in a geographical area assigned to him. The inhabitants are also associated with a geographical area. There are two types of registered mail: letters and parcels. As several letter carriers can intervene in the same area, we want, for each registered letter, the letter carrier who delivered it, in addition to the addressee.",DET NOUN PUNCT DET NOUN VERB ADJ NOUN ADP DET ADJ NOUN VERB ADP PRON PUNCT DET NOUN AUX ADV VERB ADP DET ADJ NOUN PUNCT PRON VERB NUM NOUN ADP VERB NOUN PUNCT NOUN CCONJ NOUN PUNCT SCONJ ADJ NOUN NOUN AUX VERB ADP DET ADJ NOUN PUNCT PRON VERB PUNCT ADP DET VERB NOUN PUNCT DET NOUN NOUN PRON VERB PRON PUNCT ADP NOUN ADP DET NOUN PUNCT,O O entity O O O O O O entity O O O O O O relationship entity O O entity O O O O O O entity O O entity O
"A hotel is composed of at least two rooms. Each room has a bathroom: shower or bath. A hotel accommodates people. It can employ staff and it must be managed by a manager. Only the first and last names of the employees, managers and occupants are known. Some people are children and others are adults (it is forbidden to employ children). A hotel has the following characteristics: an address, a number of rooms and a category. A room is characterized by the number and beds it contains, its price and its number. We want to know who occupies which room on which date. For each day of the year, we want to be able to calculate the rent of each room according to its price and its occupation (the rent is null if the room is unoccupied). The sum of these rents allows to calculate the turnover of the hotel between two dates.",DET NOUN AUX VERB ADP ADV ADV NUM NOUN PUNCT DET NOUN VERB DET NOUN PUNCT NOUN CCONJ NOUN PUNCT DET NOUN VERB NOUN PUNCT PRON AUX VERB NOUN CCONJ PRON AUX AUX VERB ADP DET NOUN PUNCT ADV DET ADJ CCONJ ADJ NOUN ADP DET NOUN PUNCT NOUN CCONJ NOUN AUX VERB PUNCT DET NOUN AUX NOUN CCONJ NOUN AUX NOUN PUNCT PRON AUX VERB PART VERB NOUN PUNCT PUNCT DET NOUN VERB DET ADJ NOUN PUNCT DET NOUN PUNCT DET NOUN ADP NOUN CCONJ DET NOUN PUNCT DET NOUN AUX VERB ADP DET NOUN CCONJ NOUN PRON VERB PUNCT PRON NOUN CCONJ PRON NOUN PUNCT PRON VERB PART VERB PRON VERB DET NOUN ADP DET NOUN PUNCT ADP DET NOUN ADP DET NOUN PUNCT PRON VERB PART AUX ADJ PART VERB DET NOUN ADP DET NOUN VERB ADP PRON NOUN CCONJ PRON NOUN PUNCT DET NOUN AUX ADJ SCONJ DET NOUN AUX ADJ PUNCT PUNCT DET NOUN ADP DET NOUN VERB PART VERB DET NOUN ADP DET NOUN ADP NUM NOUN PUNCT,O entity attr O O O O relationship O entity attr O entity O O O O
Let the following sentences apply: A directory contains files. A room contains walls. Modems and keyboards are input/output devices. A stock exchange transaction is a purchase or a sale. A bank account can belong to a natural or legal person,VERB DET VERB NOUN VERB PUNCT DET NOUN VERB NOUN PUNCT DET NOUN VERB NOUN PUNCT PROPN CCONJ NOUN AUX NOUN SYM NOUN NOUN PUNCT DET NOUN NOUN NOUN AUX DET NOUN CCONJ DET NOUN PUNCT DET NOUN NOUN AUX VERB ADP DET ADJ CCONJ ADJ NOUN PUNCT,O O O O O O O O O O entity O
"A company has several warehouses located in different cities. In each of the warehouses is stored merchandise, the different products it needs for its activity. Two different warehouses can have the same products. For each product we also want to know its supplier (name, address), its name, whether it is toxic or not and what volume it occupies. For each warehouse we want to know its surface and its address.",DET NOUN VERB ADJ NOUN VERB ADP ADJ NOUN PUNCT ADP PRON ADP DET NOUN AUX VERB NOUN PUNCT DET ADJ NOUN PRON VERB ADP PRON NOUN PUNCT NUM ADJ NOUN AUX VERB DET ADJ NOUN PUNCT ADP DET NOUN PRON ADV VERB PART VERB PRON NOUN PUNCT NOUN PUNCT NOUN PUNCT PUNCT PRON NOUN PUNCT SCONJ PRON AUX ADJ CCONJ PART CCONJ PRON NOUN PRON VERB PUNCT ADP DET NOUN PRON VERB PART VERB PRON NOUN CCONJ PRON NOUN PUNCT,O attr entity O O O O O entity O O attr O
"You are asked to create a database to store cooking recipes and also to manage the stocks of ingredients you have. Each recipe has a name, a description, the preparation and cooking time, the number of calories per person, the number of parts and the level of difficulty: difficult, medium or easy. For each recipe you want to know what ingredients are needed and the quantity associated with each ingredient. For each ingredient you have its name and the number of calories per 100 grams of that ingredient. Each ingredient has a type, for example starch for the ingredient potato. The same ingredient can have several packaging, for example, the ingredient flour can be stored as a 1 kg or 500 g package. These two packages will be considered as different products. To manage the stocks of ingredients, the storage location of the products in the housing is memorized. Each storage is named and for each storage you know which products are stored there. The same ingredient can be stored in several racks.",PRON AUX VERB PART VERB DET NOUN PART VERB NOUN NOUN CCONJ ADV PART VERB DET NOUN ADP NOUN PRON VERB PUNCT DET NOUN VERB DET NOUN PUNCT DET NOUN PUNCT DET NOUN CCONJ NOUN NOUN PUNCT DET NOUN ADP NOUN ADP NOUN PUNCT DET NOUN ADP NOUN CCONJ DET NOUN ADP NOUN PUNCT ADJ PUNCT NOUN CCONJ ADJ PUNCT ADP DET NOUN PRON VERB PART VERB PRON NOUN AUX VERB CCONJ DET NOUN VERB ADP DET NOUN PUNCT ADP DET NOUN PRON VERB PRON NOUN CCONJ DET NOUN ADP NOUN ADP NUM NOUN ADP DET NOUN PUNCT DET NOUN VERB DET NOUN PUNCT ADP NOUN NOUN ADP DET ADJ NOUN PUNCT DET ADJ NOUN AUX VERB ADJ NOUN PUNCT ADP NOUN PUNCT DET ADJ NOUN AUX AUX VERB ADP DET NUM NOUN CCONJ NUM NOUN NOUN PUNCT DET NUM NOUN AUX AUX VERB ADP ADJ NOUN PUNCT PART VERB DET NOUN ADP NOUN PUNCT DET NOUN NOUN ADP DET NOUN ADP DET NOUN AUX VERB PUNCT DET NOUN AUX VERB CCONJ ADP DET NOUN PRON VERB DET NOUN AUX VERB ADV PUNCT DET ADJ NOUN AUX AUX VERB ADP ADJ NOUN PUNCT,O O entity O O O O O O O
Cinemas are composed of several rooms. Films are shown in theaters. The corresponding screenings take place at a specific time each.,NOUN AUX VERB ADP ADJ NOUN PUNCT NOUN AUX VERB ADP NOUN PUNCT DET ADJ NOUN VERB NOUN ADP DET ADJ NOUN PRON PUNCT,O O O relationship entity O O O entity O O
A house may have any number of pets living in it. The two possible types of pets that can live in a house are dogs and cats. Each dog or cat has a name. An animalâ€™s house is its one and only home. You can ell an animal to make noise and it will do its thing.,DET NOUN AUX VERB DET NOUN ADP NOUN VERB ADP PRON PUNCT DET NUM ADJ NOUN ADP NOUN PRON AUX VERB ADP DET NOUN AUX NOUN CCONJ NOUN PUNCT DET NOUN CCONJ NOUN VERB DET NOUN PUNCT DET NOUN PROPN PART NOUN AUX PRON NUM CCONJ ADJ NOUN PUNCT PRON AUX VERB DET NOUN PART VERB NOUN CCONJ PRON AUX VERB PRON NOUN PUNCT,O O O O entity O relationship entity O O O O O entity attr
